hscode,hscode_desc,val_01,vol_01,val_02,vol_02,val_03,vol_03,val_04,vol_04,val_05,vol_05,val_06,vol_06,val_07,vol_07,val_08,vol_08,val_09,vol_09,val_10,vol_10,val_11,vol_11,val_12,vol_12
301111000,"Live freshwater ornamental fish, fry","5,925",102,"6,438",405,0,0,0,0,0,0,0,0,0,0,0,0,0,0,0,0,0,0,0,0
301119100,Koi carp (Cyprinus carpio),"30,762","2,476","27,680","1,844","82,112","4,603","71,095","4,590","42,315","3,095","19,088","1,711","6,955",549,"15,400",979,"10,673",627,"65,619","4,114","80,186","4,448","121,098","7,481"
301119200,Golden fish (Carassius auratus),"2,295",72,"1,652",82,"1,672",74,13,1,634,19,102,4,0,0,"1,133",68,890,53,"1,245",54,"1,582",52,90,2
301119300,Siamese fighting fish (Beta splendens),44,2,108,3,0,0,80,3,270,8,28,1,0,0,265,5,138,2,253,4,258,4,153,3
301119510,Red arowanes,0,0,0,0,0,0,0,0,0,0,0,0,0,0,0,0,0,0,0,0,0,0,366,30
301119920,Discus (Symphisodon discus),"1,071",50,"1,447",74,0,0,"1,387",99,"1,686",77,"1,548",97,0,0,"1,418",88,0,0,0,0,0,0,747,30
301119990,"Other freshwater ornamental fish, live","12,107","1,013","15,542",728,"8,288",446,"13,718",437,"19,287",970,"13,521",615,0,0,"12,345",516,"16,615",593,"15,559",862,"15,849",513,"15,308",493
301191000,"Live marine ornamental fish, fry",627,5,0,0,0,0,0,0,0,0,0,0,0,0,0,0,0,0,0,0,0,0,0,0
301199000,"Live marine ornamental fish,","5,643",341,"8,988",914,"4,252",285,"5,595",678,"5,676",523,"5,836",502,"2,198",293,0,0,"2,698",390,"6,301",530,"2,291",140,0,0
301992100,"Other live fry fish, for breeding",0,0,0,0,0,0,"24,032",38,"23,060","3,700",0,0,0,0,0,0,0,0,0,0,0,0,0,0
301992900,"Other live fry fish, for other than",0,0,0,0,"10,103",405,0,0,0,0,"6,102",102,0,0,0,0,0,0,571,49,0,0,"80,822",25
301993100,"Milkfish, breeding",0,0,0,0,0,0,0,0,"54,805","21,102",0,0,0,0,0,0,0,0,0,0,0,0,0,0
301993990,Other live marine fish,"3,912",192,"4,900",270,"1,685",80,"3,474",325,"1,783",90,"3,569",180,0,0,"3,633",180,"1,838",90,945,45,"1,342",65,"1,461",73
301994090,Other freshwater fish,0,0,0,0,825,72,0,0,"1,102",76,"1,235",98,0,0,0,0,599,30,"2,143",215,282,45,0,0
302110000,"Trout, fresh or chilled, excluding","473,108","66,047","454,250","58,536","680,558","82,766","679,558","76,234","988,672","105,237","1,116,965","119,710","621,112","64,440","879,370","99,202","785,994","91,052","809,799","85,663","897,972","88,653","1,000,203","93,550"
302130000,"Pacific salmon, excluding fillets,",0,0,0,0,0,0,"19,147","2,016","42,314","4,512","22,106","2,586",0,0,0,0,0,0,0,0,0,0,"1,068",125
302140010,"Atlantic salmon, excluding fillets,","1,015,746","125,749","904,825","115,869","1,246,344","138,220","1,293,343","133,584","1,354,551","135,493","1,499,945","145,858","991,091","92,146","1,799,743","192,930","1,920,581","222,039","1,449,336","150,653","1,782,780","178,448","1,826,123","177,922"
302190000,"Oth salmonidae fish, excluding fillet,",0,0,0,0,0,0,0,0,0,0,"3,170",133,508,21,256,9,0,0,0,0,13,1,40,3
302210000,"Halibut (Pleuronectes platessa), excl.",863,30,465,15,789,31,"1,319",48,"2,764",93,"7,724",355,342,12,909,31,852,25,"1,056",39,363,9,603,23
302240000,"Turbots (Psetta maxima), excl. fillets,",986,48,"1,278",48,164,9,605,27,846,35,719,30,132,10,379,18,841,42,945,44,"1,333",55,"1,059",45
302320000,"Yellowfin tunas,excl.fillets, livers &","96,402","9,852",0,0,0,0,0,0,"72,431","3,812",0,0,0,0,0,0,0,0,0,0,0,0,0,0
302330000,"Skipjack or stripe-bellied bonito,excl.","11,193",240,0,0,132,6,0,0,0,0,0,0,0,0,0,0,0,0,"3,102",28,"12,895",255,"9,095",162
302410000,"Herrings, excl. fillets, livers & roes,","3,084",76,"1,542",35,"1,133",27,"1,368",39,"3,610",100,"1,444",35,"1,065",22,"5,319",121,"3,138",73,"6,043",124,"4,821",107,"3,889",125
302420000,"Anchovies excl.fillets, livers and roes,",460,20,0,0,25,2,"19,412","6,408",24,2,"2,142",100,"1,259",47,48,2,221,7,"1,163",39,17,1,"143,228","14,351"
302430000,"Sardines, excl. fillets, livers & roes,","2,295",96,"1,211",40,"1,166",41,"1,313",40,763,36,"5,155",176,"2,919",119,"2,417",65,"1,174",27,"5,626",265,"4,210",184,"8,182",267
302440000,"Mackerel, excl. fillets livers & roes,","2,954",164,"4,155",215,"5,096",263,"3,794",182,"4,480",222,"4,430",214,"4,402",203,"6,345",233,"5,430",248,"5,548",258,"4,188",213,"5,237",261
302450000,"Jack and horse mackerel, excl. fillets","11,990",657,"10,086",383,"5,625",223,"10,262",374,"8,109",316,"6,059",242,"2,623",117,"11,969",419,"14,562",493,"8,231",300,"7,008",253,"9,131",326
302470000,Swordfish (xiphias gladius) excl.fillets,32,2,136,8,90,6,217,9,109,7,44,2,0,0,273,10,138,5,228,8,125,5,57,4
302550000,"Alaska Pollack excl.fillets, livers and","44,116",577,"44,233",508,"48,015",611,"48,812",577,"34,523",524,"17,080",205,"36,624",530,"62,466",812,"53,809",692,"20,251",260,0,0,0,0
302590000,"Other marine fish excl.fillets, livers","24,253",969,"18,997",688,"19,075",667,"17,371",604,"23,109",773,"26,281",856,"16,418",535,"27,987",813,"20,171",658,"21,484",600,"22,627",600,"14,662",449
302740000,"Eels, excl. fillets, livers and roes,","1,640",73,241,13,315,9,284,8,854,29,"3,793",58,0,0,"1,040",26,913,24,463,11,"9,790",267,"3,945",173
302820000,"Rays and skates, excl.fillets, livers","1,705",39,"1,320",25,826,24,"3,683",72,"1,263",55,"4,088",46,"4,901",114,"2,323",41,"7,203",79,"5,934",82,"5,789",63,"4,173",52
302840000,"Seabass excl.fillets, livers and roes,",713,27,"2,588",58,745,30,"2,485",82,"3,074",112,"2,385",63,885,38,"2,219",81,"2,758",91,"2,181",73,"3,348",115,"3,106",113
302850000,"Seabream excl.fillets, livers and roes,","5,891",228,"11,051",343,"11,612",372,"10,108",315,"8,467",284,"12,223",400,"10,944",441,"12,411",393,"12,672",482,"14,597",501,"12,096",393,"9,839",346
302891200,"Longfin majjora excl.fillets, livers and","1,667",86,"2,221",110,"2,698",133,"1,483",65,0,0,0,0,0,0,"2,080",88,"2,342",95,"1,168",50,0,0,179,9
302891400,"Savalai hairtails, etc., excl.fillets,",0,0,0,0,0,0,0,0,0,0,196,7,"2,008",53,108,3,0,0,0,0,39,1,41,1
302891800,"Mangrove red snappers, excl.fillets,",0,0,12,1,26,2,0,0,0,0,"3,057",139,"4,174",193,0,0,0,0,0,0,47,3,191,9
302891910,"Kerapu, excl.fillets, livers and roes,",0,0,0,0,"3,855","21,500",902,"6,000","2,296","16,000","5,374","32,080","2,344","14,960","2,947","18,960","2,900","20,100",749,"5,000","2,234","20,374","1,461","11,051"
302891990,"Other marine fish excl.fillets, livers","17,289",649,"21,984","2,358","12,828",491,"12,635",458,"12,285",312,"6,795",146,"4,037",81,"5,914",129,"28,197","2,333","10,026",271,"4,486",137,"31,227","4,153"
302892900,"Other fish of not marine fish, excl.","33,657","1,406","49,005","1,993","55,003","2,431","62,186","2,665","90,240","2,965","82,972","2,394","43,626","1,465","80,985","2,576","62,821","2,119","68,458","2,353","67,609","2,281","69,508","2,383"
302900000,"Livers and roes of fish, excld fillets","11,913",240,"8,558",193,"6,806",153,"5,251",113,"5,755",136,"6,516",142,"13,241",229,"11,330",251,"8,815",215,"9,728",232,"7,937",143,"13,820",291
303110000,"Sockeye salmon, excl.fillets, livers &",0,0,0,0,"105,194","21,499",55,5,0,0,0,0,0,0,0,0,0,0,0,0,0,0,0,0
303120000,"Oth pacific salmon, excl.fillet, liver","287,064","75,000","120,216","42,878","154,526","84,452","553,676","225,000","207,528","49,600","1,130,390","382,326",0,0,"365,526","179,440","204,058","46,720","88,813","20,185","934,347","255,919","164,824","49,000"
303130010,"Atlantic salmon, excl.fillets, livers","195,944","33,163","131,990","20,951",0,0,"422,633","79,742","638,493","95,892","105,237","12,381",0,0,"478,269","62,059","1,179,464","162,373","840,227","102,896","535,685","75,324","475,733","57,551"
303140000,"Trout, excl.fillets, livers and roes,","417,240","82,463","95,308","20,278",0,0,"103,189","19,844","137,708","20,865","264,447","41,631","298,341","44,095","147,970","20,410","303,054","40,820","457,672","61,431","153,811","20,035","1,559",60
303190000,"Other salmonidae, excl.fillets, livers",0,0,0,0,0,0,9,3,0,0,0,0,0,0,0,0,0,0,0,0,0,0,0,0
303330000,"Sole, excl.fillets, livers & roes,frozen",0,0,0,0,"9,731",309,0,0,0,0,0,0,0,0,"3,679",300,0,0,0,0,"5,342",99,"13,610",385
303340000,"Turbots, excl.fillets, livers & roes,",0,0,0,0,"9,648",224,0,0,0,0,0,0,0,0,0,0,0,0,0,0,"9,800",269,"1,132",23
303390000,"Oth flat fish, excl.fillets, livers &",0,0,0,0,0,0,"4,201",836,16,32,0,0,0,0,0,0,497,70,0,0,0,0,0,0
303410000,"Albacore/longfinned tunas,excl.fillet,",0,0,0,0,0,0,0,0,0,0,0,0,0,0,0,0,0,0,0,0,"55,206","19,800",0,0
303420000,"Yellowfin tunas, excl.fillet, liver &",0,0,"272,236","27,024","62,304","5,888","772,150","423,000","120,195","13,205","2,299,723","1,429,928","444,332","271,177","61,160","6,622","227,590","124,247",0,0,"1,569,029","995,646","140,315","54,075"
303430000,"Skipjack or stripe-bellied bonito, excl.","214,400","156,000",0,0,0,0,"5,145,075","3,228,000",0,0,"1,972,462","1,225,216","3,396,149","2,283,572",0,0,"56,548","27,252",0,0,"3,204,069","2,181,675","848,591","565,000"
303440000,"Bigeye tunas, excl.fillets, livers and",0,0,0,0,0,0,"80,850","49,000",0,0,"85,138","52,828","91,217","57,547",0,0,0,0,0,0,"68,038","43,920",0,0
303490000,"Oth tunas, excl.fillets,livers & roes,",0,0,0,0,0,0,0,0,"46,280","52,000",0,0,0,0,0,0,0,0,0,0,0,0,0,0
303530000,"Sardines, sardinella, brisling or sparts","817,470","1,229,310","827,360","1,194,290","753,508","1,247,174","1,218,307","1,874,900","1,357,933","2,174,780","1,424,270","2,127,354","437,296","586,010","715,499","985,792","534,154","777,200","202,942","352,220","958,393","1,535,480","2,696,061","4,317,899"
303540010,"Mackerel, excl.fillets, livers and roes,","299,401","203,105","185,119","131,065","946,565","575,696","186,446","104,837","584,839","357,543","620,999","369,357","379,260","266,873","525,869","373,122","311,913","371,539","483,745","576,455","855,628","743,555","598,157","564,362"
303540020,"Pacific mackerel, excl.fillets, livers","111,062","129,003","1,586,151","2,093,152","3,697,446","4,608,670","3,306,594","4,286,885","3,546,634","4,359,702","2,663,524","3,318,682","2,424,894","2,944,668","4,444,876","5,513,740","2,784,843","3,573,295","4,656,871","5,868,820","6,430,150","7,996,228","5,122,714","6,212,571"
303570000,"Swordfish (xiphias gladius),","178,530","23,804","1,374,590","198,797","1,899,570","253,276","1,967,618","262,349","2,662,681","355,024","3,050,858","406,781",0,0,0,0,"993,330","132,444","199,350","26,580","505,307","100,967","460,500","61,400"
303630000,"Cod (gadus morhua, ogac, macrocephalu) ,","210,900","8,618","217,685","8,936",0,0,"208,278","8,304",0,0,"233,545","9,504",0,0,"458,378","18,514",0,0,"136,435","5,419","818,587","32,859","353,050","13,609"
303650000,"Coalfish, excl.fillets, livers and roes,",0,0,0,0,0,0,0,0,0,0,0,0,0,0,0,0,0,0,0,0,"1,036",46,"1,374",27
303660000,"Hake, excl.fillets, livers & roes,frozen",0,0,0,0,0,0,0,0,0,0,0,0,0,0,0,0,0,0,0,0,831,50,"3,437",76
303670000,"Alaska Pollack, excl.fillets, livers and",161,6,578,22,412,16,"3,835",931,492,20,"5,032","1,381",0,0,390,16,602,18,"1,049",36,636,25,280,10
303690000,"Other marine fish, excl.fillets, livers","6,104",366,"7,871",505,"11,068",542,"9,731","1,106","6,374",348,"11,648","1,145","8,166",448,"38,481","1,517","12,929",726,"10,495",566,"13,421",556,"72,819","20,089"
303810000,"Dogfish and other sharks, excl.fillets,","89,930","8,108",0,0,"104,187","8,042","99,351","25,547","120,244","8,718","137,478","46,740","68,511","8,418",0,0,"59,598","10,890","70,272","4,800","126,176","9,616","73,663","5,931"
303830000,"Toothfish (dissostichus spp.),",0,0,0,0,0,0,0,0,0,0,0,0,0,0,0,0,0,0,0,0,38,2,"13,578",452
303840000,"Seabass, excl.fillets, livers and roes,",0,0,0,0,"6,940",260,0,0,0,0,0,0,0,0,"8,407",262,0,0,0,0,0,0,0,0
303891510,"Indian mackarel, excl.fillets, livers","119,848","132,500","98,649","109,610","170,442","167,000","346,656","358,600","641,539","706,700","343,039","374,800","373,185","385,300","489,444","536,925","676,217","702,930","882,152","876,720","1,150,253","1,011,770","971,266","889,635"
303891520,"Island mackarel, excl.fillets, livers","2,512",94,"3,808",184,605,17,508,13,159,4,642,17,827,6,"1,733",75,"1,010",38,39,4,"7,227",336,"2,689",120
303891600,"Torpedo scads,spotted sicklefish&great",0,0,0,0,0,0,0,0,0,0,0,0,0,0,"46,440","51,600","43,560","48,400",0,0,0,0,0,0
303891800,"Mangrove red snappers, excl.fillets,",0,0,0,0,0,0,0,0,0,0,0,0,0,0,0,0,0,0,0,0,"62,343","7,631","50,718","8,040"
303891910,"Kerapu(cromilepte altivelis,epinephelus)",0,0,0,0,0,0,0,0,0,0,"1,063",850,"2,062","14,000","2,669","18,000","14,258","1,719",0,0,"25,370","3,221",0,0
303891990,"Other marine fish, excl.fillets, livers","26,630","11,622","91,325","37,999","97,469","25,943","9,167",260,"384,456","396,984","179,719","160,369","83,522","75,415","30,621","11,309","120,136","66,172","35,315","28,627","173,957","72,764","91,100","61,367"
303892900,"Other fish, not marine fish,","42,365","3,061","391,725","150,580","232,535","208,807","1,674",99,"122,728","104,066","128,825","104,842","280,522","38,099","44,594","2,588","138,536","104,864",461,34,733,49,"194,998","33,327"
303902000,"Roes of fish, frozen","36,782","2,650",368,12,"2,980",499,"2,022",368,258,8,200,6,202,6,"29,288","1,776","1,543",191,"111,558","4,067",424,16,"2,201",273
304390000,"Carp, eels and snakeheads fillets",0,0,0,0,0,0,0,0,0,0,0,0,0,0,0,0,"9,357","3,440",0,0,0,0,"90,815","10,582"
304410000,"Fillets of Pacific, Atlantic and",0,0,0,0,0,0,0,0,0,0,0,0,0,0,"22,600","2,000",0,0,0,0,0,0,0,0
304490000,"Fillets of other fish, fresh or chilled","66,649","7,795",0,0,0,0,0,0,"23,100","7,202",0,0,0,0,"151,576","19,050","105,955","12,777",0,0,"71,878","8,981",0,0
304590000,"Other fish meat (whether or not minced),",0,0,0,0,0,0,17,2,0,0,0,0,0,0,0,0,0,0,0,0,0,0,0,0
304610000,"Tilapias fillets, frozen",0,0,0,0,0,0,0,0,0,0,0,0,0,0,0,0,0,0,0,0,0,0,"145,941","20,090"
304620010,"Pangasius fillets, frozen",0,0,0,0,0,0,0,0,0,0,366,78,0,0,0,0,0,0,0,0,0,0,0,0
304710000,"Cod fillets, frozen","19,855","1,434",0,0,0,0,0,0,0,0,0,0,0,0,"29,857","1,816",0,0,0,0,0,0,0,0
304720000,"Haddock fillets, frozen",0,0,0,0,0,0,0,0,0,0,0,0,0,0,0,0,0,0,"14,630","4,541",0,0,0,0
304790000,Other fish fillets of family,0,0,0,0,0,0,"18,755","5,156",0,0,"12,903","3,541",0,0,0,0,0,0,0,0,0,0,0,0
304810010,Frozen fillets of red salmon,0,0,0,0,0,0,0,0,0,0,0,0,0,0,0,0,0,0,"5,551",249,0,0,"17,412","1,021"
304830000,Frozen fillets of flat fish,"50,000","40,000","100,000","80,000",0,0,0,0,0,0,"42,925","34,340","67,525","54,020","75,600","60,480","24,550","19,640",0,0,0,0,"22,500","18,000"
304870000,"Frozen fillets of tunas, skipjack or","162,853","83,489","104,935","36,574","50,410","27,102","65,105","34,887",932,30,"11,785",200,"25,822","16,660","220,198","47,462","42,574","22,514","48,300","21,320","5,687",88,"247,381","49,823"
304890000,Frozen fillets of other fish,"4,841",350,0,0,0,0,0,0,0,0,"65,606","8,201",0,0,"95,091","4,781","43,864","4,791","75,235","9,404","26,732","2,827",0,0
304940000,Alaska Pollack meat (whether or not,"1,897",137,0,0,0,0,0,0,0,0,0,0,0,0,0,0,0,0,0,0,688,50,0,0
304990010,"Meat of tuna loin and skipjack,",0,0,0,0,0,0,0,0,"111,864","19,958","173,373","36,155",0,0,0,0,0,0,0,0,0,0,0,0
304990090,"Meat of other fish,","418,249","352,404","356,409","352,331","306,990","306,990","492,466","445,114","614,736","614,736","446,280","291,140","313,580","321,080","171,912","156,802","361,403","358,981","377,808","289,812","291,882","258,017","767,195","536,337"
305100000,"Flours, meals, and pellats of fish, fit","6,890",200,"11,733",750,"31,878","2,354","8,362",513,"36,132","3,433","32,515","2,050","43,159","2,540","73,743","5,100",894,100,"50,873","3,310","26,079","2,025",0,0
305209000,"Livers&roes of fish, oth than freshwater",0,0,"11,655","5,218",0,0,0,0,0,0,0,0,0,0,"6,983","3,319",0,0,0,0,0,0,0,0
305399000,"Fish fillets, dried,salted,but not",0,0,0,0,0,0,0,0,0,0,"65,000","10,000",0,0,"4,458",135,0,0,0,0,0,0,0,0
305420000,"Herrings, smoked, incl.fillets, other",0,0,0,0,0,0,"1,396",53,0,0,0,0,0,0,0,0,0,0,0,0,0,0,0,0
305430000,"Trout, smoked, incl.fillets, other than",0,0,0,0,0,0,510,29,0,0,0,0,0,0,511,16,0,0,0,0,0,0,0,0
305440010,"Eels, smoked, incl.fillets, other than",0,0,0,0,0,0,0,0,0,0,0,0,0,0,0,0,0,0,0,0,0,0,226,7
305490000,"Other fish, smoked, incl.fillets, other",0,0,0,0,0,0,0,0,0,0,0,0,0,0,0,0,0,0,0,0,"201,829","23,000",0,0
305592000,"Marine fish, dried, other than edible",0,0,813,142,0,0,"9,454","1,882",0,0,0,0,0,0,0,0,938,133,0,0,0,0,825,122
305599000,"Fish,not marine fish,dried,oth thn",0,0,0,0,0,0,0,0,0,0,204,21,0,0,0,0,0,0,0,0,0,0,0,0
305620000,"Cod, salted but not dried/smoked & in",0,0,"6,621","2,964",0,0,0,0,0,0,0,0,0,0,0,0,0,0,0,0,0,0,0,0
305630000,"Anchovies, salted but not dried/smoked &",0,0,0,0,0,0,120,6,93,3,183,9,0,0,0,0,0,0,0,0,0,0,0,0
305691010,"Mackerel, salted but not dried/smoked &",0,0,0,0,"1,442",86,701,43,0,0,0,0,0,0,0,0,0,0,0,0,0,0,0,0
305699000,"Fish,not marine fish,salted,not",0,0,"26,171","11,716",0,0,0,0,0,0,0,0,0,0,"31,430","14,939",0,0,0,0,0,0,0,0
305710000,"Shark fins, fit for human consumption",0,0,"113,841","3,680",0,0,"3,992",600,0,0,"67,511","3,559",0,0,0,0,"154,704","13,875",0,0,0,0,0,0
305721000,"Fish maws, fit for human consumption",0,0,0,0,0,0,0,0,"8,359","4,980",0,0,0,0,0,0,"13,693","10,340","28,919","1,000",0,0,"22,267","14,760"
305790090,"Other edible fish offal, fit for human","9,543",392,0,0,0,0,0,0,0,0,0,0,0,0,0,0,0,0,0,0,0,0,0,0
306110000,"Rock lobsters and other sea crawfish,","149,163","22,409","260,796","44,232","301,532","43,313",0,0,0,0,0,0,0,0,0,0,0,0,0,0,"100,252","8,782",0,0
306120000,"Lobsters, frozen, fit for human",0,0,0,0,0,0,0,0,0,0,0,0,0,0,0,0,0,0,"12,900","7,314",0,0,0,0
306141000,"Soft shell crabs, frozen, fit for human",0,0,0,0,0,0,0,0,0,0,0,0,0,0,180,6,0,0,0,0,0,0,0,0
306149000,"Other crabs, frozen, fit for human","551,062","72,593","1,548,750","163,889","4,782,925","428,750","6,183,708","556,598","4,597,509","414,965","4,101,918","374,646","10,335,446","894,806","7,684,511","648,245","2,283,794","219,754","2,169,552","154,220","2,145,235","281,801","3,146,951","391,980"
306160000,"Cold water shrimps and prawns, frozzen,","1,103,965","216,316","669,680","108,576","75,986","17,787","278,412","44,970","409,567","67,310","360,247","58,330","385,965","60,306","803,209","135,160","410,553","92,047","300,058","41,737","744,776","112,737","824,519","133,445"
306171010,"Giant tiger prawns with head, frozen,",0,0,0,0,"45,721","6,700",0,0,0,0,0,0,0,0,0,0,0,0,0,0,0,0,0,0
306171020,"Giant tiger prawns headless, frozen, fit",0,0,0,0,0,0,0,0,"209,683","16,740",0,0,0,0,0,0,0,0,0,0,"405,387","27,540",0,0
306171090,"Other giant tiger prawns, frozen, fit",0,0,"1,480,456","181,541","302,447","38,957","181,374","22,200",18,4,0,0,"217,184","26,316","135,857","15,123",0,0,"352,193","43,822","65,094","8,300","36,427","2,413"
306172020,"Whiteleg shrimps headless with tail,",0,0,"139,160","10,161",0,0,0,0,0,0,0,0,"4,365","1,364","147,600","16,344",0,0,0,0,0,0,0,0
306172030,"Whiteleg shrimps headless without tail,",0,0,"207,361","17,048","268,860","32,368",0,0,0,0,"127,507","15,828",0,0,0,0,0,0,0,0,0,0,"180,010","14,140"
306172090,"Other whiteleg shrimps, frozen,",0,0,"266,760","18,615","142,461","16,500","457,300","42,916","120,420","18,000","63,750","6,810",0,0,"67,266","5,498","339,714","36,236","120,540","19,068","191,120","34,341","260,293","20,788"
306179000,"Other shrimps and prawns, frozzen,","98,636","14,418",0,0,0,0,0,0,"319,500","45,000","34,277","2,727",0,0,0,0,4,2,0,0,0,0,0,0
306190000,"Other crustac,incl flours,meals&pellets","16,500","5,000",10,3,0,0,"41,210","13,000",0,0,0,0,0,0,0,0,0,0,0,0,0,0,0,0
306212000,"Rock lobsters and other sea crawfish,",0,0,0,0,0,0,704,20,0,0,0,0,0,0,0,0,0,0,0,0,0,0,0,0
306222000,"Lobsters (homarus spp),oth than breeder","19,384","1,095","14,285",684,"9,615",505,"2,383",150,"11,611",655,"13,467",674,0,0,"5,419",355,"25,334","1,124","11,002",470,"4,911",235,"11,336",587
306241000,"Crabs, live",0,0,486,37,0,0,498,55,"3,874",80,432,18,0,0,0,0,0,0,"5,085",110,0,0,0,0
306242000,"Crabs, fresh or chilled","12,525",157,"8,956",157,"3,729",41,"6,979",62,"14,123",156,"11,735",80,"6,800",52,"14,535",114,"10,224",150,"34,786","1,152","23,436","1,428","20,212",168
306249100,"Crabs, dried, in airtight container, not",0,0,0,0,0,0,"150,462","9,621",0,0,0,0,0,0,"8,804",381,0,0,0,0,0,0,0,0
306249910,"Crabs, dried, boiled, in airtight",0,0,0,0,0,0,0,0,0,0,0,0,0,0,0,0,0,0,0,0,"145,267","11,684",0,0
306263000,"Cold-water shrimps and prawns, fresh or","4,151",146,"2,853",240,"2,243",87,"2,282",75,"3,356",118,"11,816",231,"2,684",73,"4,356",140,"5,152",201,"7,863",293,"3,684",110,"11,789",356
306269900,"Other cold-water shrimps and prawns,",0,0,"1,694",297,0,0,885,176,0,0,0,0,0,0,0,0,0,0,0,0,0,0,0,0
306271100,"Giant tiger prawns, breeder",0,0,0,0,"57,285",300,0,0,0,0,0,0,0,0,0,0,0,0,0,0,0,0,0,0
306271200,"Whiteleg shrimps, breeder",0,0,0,0,"1,521,758","25,841","1,200,061","7,705","505,166","23,122","491,256","4,364","98,139",339,"626,618","1,995","354,946","3,379","383,360","5,600","190,982",787,"211,150","1,039"
306272200,"Whiteleg shrimps,other than breeder,","70,104",57,"286,493","18,080","82,987",65,0,0,0,0,0,0,0,0,0,0,0,0,0,0,0,0,0,0
306273900,"Other shrimps and prawns, fresh or",0,0,0,0,15,1,0,0,0,0,0,0,0,0,0,0,0,0,0,0,0,0,0,0
306299100,"Crustaceans, flours, meal and pellets",0,0,0,0,"8,455",460,"4,800",300,"7,352",400,0,0,"9,190",500,"5,514",300,0,0,0,0,"11,028",600,"5,592",300
306299900,"Crustaceans, flours, meal and pellets,","8,252",200,"7,863",200,"20,812",560,"31,459",840,"55,281","2,400","8,500","25,000","1,605",200,"19,614","1,393",0,0,"39,423","1,300","21,528",511,"42,508","1,400"
307112000,"Oysters, fresh or chilled",0,0,0,0,0,0,0,0,0,0,261,25,0,0,0,0,0,0,"23,538",370,0,0,0,0
307191000,"Oysters, frozen","4,034",291,"3,874",678,"66,000","8,505","2,250",448,0,0,"68,157","10,000","69,696","19,200","6,827",415,"75,688","11,099",0,0,0,0,0,0
307212000,"Scallops, fresh or chilled","23,134",704,"23,484",699,"20,869",548,"18,662",521,"16,238",465,"23,066",598,"19,846",486,"34,104",798,"35,159",826,"21,261",509,"21,856",606,"17,518",547
307291000,"Scallops, frozen","13,866","11,681","127,855","70,748","123,891","74,824","109,175","79,255","61,662","24,599","128,249","65,000","131,259","68,000","260,039","53,239","141,354","68,537","38,577","19,783","635,519","65,977","14,975","10,492"
307312000,"Mussels, fresh or chilled","1,102",37,245,8,157,30,474,38,697,98,20,1,0,0,194,31,173,6,0,0,0,0,0,0
307391000,"Mussels, frozen",0,0,0,0,"80,411","18,276",0,0,"3,075",300,0,0,"26,865","9,950",0,0,0,0,0,0,0,0,"29,719","10,327"
307412000,"Cuttle fish and squid, fresh or chilled","1,141",26,"3,785",73,"2,656",70,674,11,0,0,"1,343",28,"3,338",85,"7,441",196,"5,232",110,"2,488",35,0,0,0,0
307491000,"Cuttle fish and squid, frozen","140,656","143,371","70,426","59,907","220,420","233,369","341,217","371,930","267,795","266,163","465,369","339,059","118,055","122,185","157,090","118,686","169,898","125,418","46,351","20,020","184,023","79,440","255,914","145,074"
307492000,"Cuttlefish and squid, dried, salted or",0,0,0,0,0,0,0,0,0,0,93,117,"1,773",108,0,0,0,0,0,0,0,0,0,0
307511000,"Octopus, live",0,0,0,0,0,0,0,0,0,0,0,0,0,0,0,0,0,0,50,3,18,1,71,4
307512000,"Octopus, fresh or chilled","1,635",72,633,24,449,16,654,19,661,20,78,3,0,0,738,21,548,14,"1,443",43,"7,150",217,"4,643",186
307591000,"Octopus, frozen","164,173","29,585","140,705","27,960",0,0,"32,491","8,400",0,0,0,0,0,0,"15,908",968,"122,203","21,558","185,155","50,278","51,535","5,726","52,623","15,100"
307592000,"Octopus, dried, salted or in brine",0,0,0,0,0,0,0,0,0,0,"2,944","2,030",0,0,0,0,0,0,0,0,0,0,0,0
307602000,"Snails, other than sea snails, fresh,",0,0,0,0,0,0,0,0,0,0,0,0,"109,834","23,100",0,0,0,0,0,0,0,0,0,0
307711000,"Clams, cockles and ark shells, live",0,0,56,3,165,9,155,8,161,9,"1,044",33,"1,660",58,63,3,0,0,0,0,117,6,169,8
307712000,"Clams, cockles and ark shells, fresh or","1,580",94,"3,889",145,"4,678",173,"6,954",198,"3,378",133,"6,749",245,"8,598",250,"8,133",155,"6,813",157,"5,963",159,"5,554",135,"9,537",574
307791000,"Clams, cockles and ark shells; frozen","12,475",901,0,0,0,0,0,0,0,0,0,0,0,0,"10,268",625,0,0,0,0,"50,640","24,000","101,280","48,000"
307811000,"Abalone (Haliotis spp), live",188,6,160,11,126,4,67,2,0,0,0,0,0,0,0,0,109,2,95,3,153,5,145,5
307812000,"Abalone (Haliotis spp), fresh or chilled","3,837",89,"2,576",62,"1,953",55,"3,136",69,"3,157",82,"4,707",95,"3,311",70,"5,589",111,"3,134",65,"5,321",100,"11,000",183,"10,044",197
307891000,"Abalone (Haliotis spp); not live, fresh",0,0,0,0,0,0,0,0,0,0,0,0,0,0,0,0,0,0,0,0,577,14,161,25
307892000,"Abalone (Haliotis spp); not live, fresh/",181,10,629,30,197,10,259,11,"1,138",53,203,11,0,0,453,20,246,10,"1,116",47,196,8,386,18
307991000,"Oth molluscs;incl flours, meals&pellets,",0,0,"2,724",477,0,0,"3,107",618,0,0,0,0,0,0,0,0,"1,952",277,0,0,0,0,245,36
308111000,"Sea cucumbers (Stichopus japonicus,",0,0,0,0,0,0,0,0,0,0,0,0,0,0,0,0,0,0,92,5,206,12,271,16
308112000,"Sea cucumbers (Stichopus japonicus,",79,3,10,1,0,0,0,0,0,0,0,0,0,0,0,0,0,0,0,0,0,0,0,0
308192000,"Sea cucumbers (Stichopus japonicus,",0,0,0,0,0,0,0,0,0,0,0,0,0,0,"1,486",154,0,0,0,0,0,0,0,0
308212000,"Sea urchins, fresh or chilled","35,748",216,"30,953",197,"34,480",195,"46,734",257,"39,790",234,"52,199",292,"29,667",111,"49,938",254,"42,573",215,"41,829",175,"42,059",183,"33,092",160
308903000,Oth aquatic invertebrates oth than,0,0,"2,617",510,"2,914",510,0,0,0,0,"2,613",615,0,0,"2,170",510,"2,380",600,0,0,"3,335",600,"2,239",600
,TOTAL,"8,059,034","3,316,079","13,052,294","5,440,710","19,053,910","8,747,657","26,466,361","12,834,478","20,840,142","10,527,654","24,450,582","11,671,579","22,097,660","8,774,111","21,814,208","9,420,256","15,427,938","7,562,970","15,127,505","8,877,839","26,310,767","16,366,643","22,332,862","14,678,340"
,,January Nil/Val (US $),January Brt/Wgt (kg),February Nil/Val (US $),February Brt/Wgt (kg),March Nil/Val (US $),March Brt/Wgt (kg),April Nil/Val (US $),April Brt/Wgt (kg),May Nil/Val (US $),May Brt/Wgt (kg),June Nil/Val (US $),June Brt/Wgt (kg),July Nil/Val (US $),July Brt/Wgt (kg),August Nil/Val (US $),August Brt/Wgt (kg),September Nil/Val (US $),September Brt/Wgt (kg),October Nil/Val (US $),October Brt/Wgt (kg),November Nil/Val (US $),November Brt/Wgt (kg),December Nil/Val (US $),December Brt/Wgt (kg)
,,,,,,,,,,,,,,,,,,,,,,,,,
,Bulan,Nilai (US $),Berat (Kg),,,,,,,,,,,,,,,,,,,,,,
,Januari,8059034,3316079,,,,,,,,,,,,,,,,,,,,,,
,Pebruari,13052294,5440710,,,,,,,,,,,,,,,,,,,,,,
,Maret,19053910,8747657,,,,,,,,,,,,,,,,,,,,,,
,April,26466361,12834478,,,,,,,,,,,,,,,,,,,,,,
,Mei,20840142,10527654,,,,,,,,,,,,,,,,,,,,,,
,Juni,24450582,11671579,,,,,,,,,,,,,,,,,,,,,,
,Juli,22097660,8774111,,,,,,,,,,,,,,,,,,,,,,
,Agustus,21814208,9420256,,,,,,,,,,,,,,,,,,,,,,
,Sepember,15427938,7562970,,,,,,,,,,,,,,,,,,,,,,
,Oktober,15127505,8877839,,,,,,,,,,,,,,,,,,,,,,
,November,26310767,16366643,,,,,,,,,,,,,,,,,,,,,,
,Desember,22332862,14678340,,,,,,,,,,,,,,,,,,,,,,
